timeStamp,elapsed,label,responseCode,responseMessage,threadName,dataType,success,failureMessage,bytes,sentBytes,grpThreads,allThreads,URL,Latency,IdleTime,Connect
1753444657995,1454,user auth,200,OK,Creat_Campaign 1-1,text,true,,2137,362,1,1,https://unified-uat.digit.org/user/oauth/token,1453,0,845
1753444661831,791,project-factory-create,200,OK,Creat_Campaign 1-1,text,true,,1163,3314,1,1,https://unified-uat.digit.org/project-factory/v1/project-type/create,791,0,0
1753444666367,1375,update - boundary,200,OK,Creat_Campaign 1-1,text,true,,2644,5924,1,1,https://unified-uat.digit.org/project-factory/v1/project-type/update,1375,0,0
1753444668997,294,update - delivery ,200,OK,Creat_Campaign 1-1,text,true,,2644,5931,1,1,https://unified-uat.digit.org/project-factory/v1/project-type/update,294,0,0
1753444673248,434,update - cycle,200,OK,Creat_Campaign 1-1,text,true,,2955,6515,1,1,https://unified-uat.digit.org/project-factory/v1/project-type/update,434,0,0
1753444676801,568,update - delivery rules,200,OK,Creat_Campaign 1-1,text,true,,3245,7234,1,1,https://unified-uat.digit.org/project-factory/v1/project-type/update,568,0,0
1753444681112,4715,update - resources,200,OK,Creat_Campaign 1-1,text,true,,3245,7246,1,1,https://unified-uat.digit.org/project-factory/v1/project-type/update,4715,0,0
1753444687098,302,filestore - facility,201,Created,Creat_Campaign 1-1,text,true,,435,66926,1,1,https://unified-uat.digit.org/filestore/v1/files,301,0,0
1753444692532,202,data process - facility,200,OK,Creat_Campaign 1-1,text,true,,1049,3096,1,1,https://unified-uat.digit.org/project-factory/v2/data/_process,202,0,0
1753444696053,613,Update - facility,200,OK,Creat_Campaign 1-1,text,true,,3197,6707,1,1,https://unified-uat.digit.org/project-factory/v1/project-type/update,613,0,0
1753444698959,573,filestore - user,201,Created,Creat_Campaign 1-1,text,true,,435,279046,1,1,https://unified-uat.digit.org/filestore/v1/files,572,0,0
1753444704047,299,data process - user,200,OK,Creat_Campaign 1-1,text,true,,1045,3091,1,1,https://unified-uat.digit.org/project-factory/v2/data/_process,299,0,0
1753444708784,478,update - user,200,OK,Creat_Campaign 1-1,text,true,,3307,6864,1,1,https://unified-uat.digit.org/project-factory/v1/project-type/update,478,0,0
1753444711692,228,filestore - target,201,Created,Creat_Campaign 1-1,text,true,,435,13710,1,1,https://unified-uat.digit.org/filestore/v1/files,228,0,0
1753444714937,466,data process - target,200,OK,Creat_Campaign 1-1,text,true,,1049,3096,1,1,https://unified-uat.digit.org/project-factory/v2/data/_process,466,0,0
1753444720074,552,update - target,200,OK,Creat_Campaign 1-1,text,true,,3423,7031,1,1,https://unified-uat.digit.org/project-factory/v1/project-type/update,552,0,248
1753444723398,507,update all,200,OK,Creat_Campaign 1-1,text,true,,3423,7032,1,1,https://unified-uat.digit.org/project-factory/v1/project-type/update,507,0,0
1753444728692,360,localization upsert - registrationflow,200,OK,Creat_Campaign 1-1,text,true,,18505,26413,1,1,https://unified-uat.digit.org/localization/messages/v1/_upsert,335,0,0
1753444732656,407,localization upsert - deliveryflow,200,OK,Creat_Campaign 1-1,text,true,,14730,22119,1,1,https://unified-uat.digit.org/localization/messages/v1/_upsert,406,0,0
1753444736789,118,create AppConfigCache - REGISTRATIONFLOW,202,Accepted,Creat_Campaign 1-1,text,true,,1017,3204,1,1,https://unified-uat.digit.org/egov-mdms-service/v2/_create/HCM-ADMIN-CONSOLE.AppConfigCache,118,0,0
1753444739618,143,update FormConfig - REGISTRATIONFLOW,202,Accepted,Creat_Campaign 1-1,text,true,,16681,32443,1,1,https://unified-uat.digit.org/egov-mdms-service/v2/_update/HCM-ADMIN-CONSOLE.FormConfig,140,0,0
1753444743049,206,create AppConfigCache - DELIVERYFLOW,202,Accepted,Creat_Campaign 1-1,text,true,,1009,3196,1,1,https://unified-uat.digit.org/egov-mdms-service/v2/_create/HCM-ADMIN-CONSOLE.AppConfigCache,206,0,0
1753444747548,120,update FormConfig - DELIVERYFLOW,202,Accepted,Creat_Campaign 1-1,text,true,,7636,16424,1,1,https://unified-uat.digit.org/egov-mdms-service/v2/_update/HCM-ADMIN-CONSOLE.FormConfig,120,0,0
1753444751812,558,create,200,OK,Creat_Campaign 1-1,text,true,,3388,7074,1,1,https://unified-uat.digit.org/project-factory/v1/project-type/update,558,0,0
